step,lr,epoch,train_loss,train_acc,train_f1
1,0.001,1,0.9609708986071758,0.748220778507633,0.41851158502351776
2,0.0009999975326009292,2,0.5797088053781608,0.8486559422691619,0.5183042971131605
3,0.0009999901304280684,3,0.48409166578563934,0.8658539195633552,0.5392851229817398
4,0.000999977793554475,4,0.42185140758364065,0.8829473758436995,0.5194470234352185
5,0.0009999605221019082,5,0.36996838599075005,0.8945768446901569,0.568778937228066
6,0.0009999383162408303,6,0.38203152781994776,0.8847394568727637,0.5631633256991821
7,0.0009999111761904045,7,0.3736183244194742,0.8813485409904699,0.5247940677766896
8,0.000999879102218492,8,0.3563825830815952,0.8874577090282637,0.5434901565704037
9,0.00099984209464165,9,0.3439475315571929,0.8867131492997875,0.5626848626895029
10,0.000999800153825128,10,0.334807392023075,0.8896902368444546,0.5436374309301117
11,0.0009997532801828656,11,0.3075023943083662,0.8967008071133157,0.5746511549052131
12,0.0009997014741774863,12,0.2984365488853954,0.8994904155407591,0.5382063561519573
13,0.0009996447363202945,13,0.3235723732935162,0.8887840347101402,0.5451706751245518
14,0.00099958306717127,14,0.29310663362447437,0.897702804104895,0.5700267566416756
15,0.0009995164673390624,15,0.32453246112674367,0.880912724268163,0.5313379670399893
16,0.0009994449374809851,16,0.29385323657822005,0.893080935013529,0.5471016306418935
17,0.0009993684783030088,17,0.2845865328539179,0.9007873274641925,0.5743021108764549
18,0.0009992870905597548,18,0.27169909712471246,0.9011579477611187,0.5562834600601488
19,0.0009992007750544874,19,0.29449862094543783,0.891588169982218,0.5462620147422206
20,0.0009991095326391058,20,0.27777477322316696,0.8988243197508506,0.5732596341506159
21,0.0009990133642141356,21,0.282263967096272,0.8947755040674423,0.5659369478023868
22,0.0009989122707287207,22,0.27241512296022746,0.8964444687913492,0.5551623680226624
23,0.0009988062531806124,23,0.2791611102904106,0.8921325388604372,0.5519892321680263
24,0.0009986953126161617,24,0.2769901178002876,0.8971413231595254,0.5254116958261014
25,0.0009985794501303066,25,0.2915265026830485,0.8869154141497883,0.5443653071709208
26,0.0009984586668665637,26,0.2613696333138125,0.9002349141898469,0.5302347427304659
27,0.0009983329640170144,27,0.27246514394446114,0.8968898902312195,0.5821227685194151
28,0.0009982023428222956,28,0.26189651727696717,0.9014840714308864,0.5635103714093354
29,0.0009980668045715857,29,0.2738560461866621,0.8939729560294596,0.5709706930949835
30,0.0009979263506025922,30,0.26526535847794014,0.8988063197233903,0.55334650398595
31,0.0009977809823015393,31,0.2573185737287107,0.9002701675671325,0.5688225419815623
32,0.0009976307011031536,32,0.25941473452399905,0.900963702686852,0.5780371920035696
33,0.0009974755084906496,33,0.26530558261859954,0.8976100244976613,0.579676835935118
34,0.0009973154059957155,34,0.2425667036104633,0.9055175045240117,0.5694949396626777
35,0.0009971503951984987,35,0.24079432114990523,0.9042356823317809,0.5909795891135415
36,0.0009969804777275892,36,0.24312579367652515,0.9084374106705814,0.5781537588927709
37,0.0009968056552600035,37,0.26062758715116763,0.8971801740737592,0.5612093242900921
38,0.000996625929521169,38,0.24642032986146806,0.9021178155535271,0.5760170924706565
39,0.0009964413022849061,39,0.25932870313064027,0.8948255268506397,0.5622473890957561
40,0.0009962517753734112,40,0.24891303669553613,0.9036369498382394,0.5815478541627097
41,0.0009960573506572383,41,0.24179192326066642,0.9035599331852116,0.5660768822929889
42,0.0009958580300552808,42,0.24915467899863458,0.9035769465593886,0.5542686184958294
43,0.0009956538155347526,43,0.25063111189991344,0.8969051515896491,0.5708390694755104
44,0.0009954447091111687,44,0.2533000132201913,0.8961888023914406,0.547743715054791
45,0.0009952307128483248,45,0.2298423288753549,0.906125300411719,0.6011552846344459
46,0.000995011828858278,46,0.23029123500735266,0.9077359417676214,0.589044650367673
47,0.0009947880593013246,47,0.23822411182225742,0.9038512561416594,0.5818401671400242
48,0.00099455940638598,48,0.23501583611820856,0.9052427048755938,0.5739556708526463
49,0.0009943258723689563,49,0.22961788904552305,0.9088265697327362,0.5512114246594086
50,0.0009940874595551397,50,0.2475870462235958,0.8967233140223247,0.5533397780271737
51,0.0009938441702975682,51,0.22666791223817895,0.9083372313995193,0.5457470834390364
52,0.000993596006997409,52,0.24143893746796527,0.8985386442798657,0.5434985890161261
53,0.0009933429721039333,53,0.22143436962684163,0.9106933381370657,0.5478224741558543
54,0.0009930850681144938,54,0.2484040682796973,0.8985708250191645,0.5481963153386099
55,0.0009928222975744982,55,0.22851727735214664,0.906466730517676,0.5670146201952433
56,0.000992554663077386,56,0.26450786900109713,0.8870320427050847,0.5535471616346588
57,0.0009922821672646018,57,0.22588883317322217,0.9071405988223759,0.5649987825989627
58,0.0009920048128255691,58,0.26221490934057934,0.8821450069459038,0.5946188703367252
59,0.0009917226024976642,59,0.24735134618037782,0.8965990456974571,0.5477767620704042
60,0.0009914355390661888,60,0.23980556203479433,0.8959482163559274,0.5682315112272597
61,0.0009911436253643437,61,0.251565740950344,0.892578230604246,0.5815182805327366
62,0.0009908468642731987,62,0.23674572412468037,0.897759432926417,0.5859086269440023
63,0.0009905452587216663,63,0.22491258418230217,0.9079347919610793,0.594916854054132
64,0.0009902388116864716,64,0.23596909682772452,0.9006598097679,0.5745563490756147
65,0.0009899275261921227,65,0.23493902094885155,0.9026440690266871,0.5922946179516961
66,0.0009896114053108821,66,0.24561368486381002,0.8946080497203758,0.5772798148176489
67,0.0009892904521627353,67,0.23363674888627914,0.9038854282056191,0.5766830252314533
68,0.0009889646699153601,68,0.24653519430390805,0.8914634089567887,0.5692716858899132
69,0.0009886340617840958,69,0.24347410549063728,0.8928439601586292,0.5878328511383578
70,0.0009882986310319113,70,0.24452333933598286,0.8928549901920162,0.592749664669656
71,0.0009879583809693727,71,0.2296353044183838,0.9017780229150716,0.5888012225965611
72,0.0009876133149546106,72,0.23266724064553604,0.8990739848243986,0.5563529402314743
73,0.0009872634363932876,73,0.20814985346434337,0.9129373691730237,0.5681113644407123
74,0.0009869087487385634,74,0.21693868497703395,0.9081701985587751,0.5761356939270252
75,0.0009865492554910623,75,0.22787513819936292,0.9047281957199145,0.5563630309759698
76,0.0009861849601988373,76,0.22830610042165558,0.9035745363953432,0.5671792905184336
77,0.000985815866457336,77,0.23517255779727056,0.8954322591504027,0.5731829733124043
78,0.0009854419779093645,78,0.24581508828478402,0.894281169095504,0.5861825098321892
79,0.000985063298245052,79,0.23307218732573876,0.8937035344569658,0.5843585002703078
80,0.0009846798312018136,80,0.24033820709183917,0.891766347859926,0.5669579931950064
81,0.0009842915805643145,81,0.22854077591659955,0.9010245343752352,0.5578474280047292
82,0.0009838985501644318,82,0.22538055788428804,0.9015538049034881,0.5684157031373027
83,0.0009835007438812166,83,0.19863895075086824,0.9164872800697095,0.5737206577317024
84,0.0009830981656408565,84,0.21598491160671815,0.9074775649291982,0.5519203343967722
85,0.0009826908194166361,85,0.20739959801480293,0.910807133721049,0.5777781201227354
86,0.000982278709228898,86,0.2208471416310651,0.902900376223534,0.5859886106919715
87,0.000981861839145004,87,0.21237463803102888,0.910520904031045,0.5753519207185066
88,0.000981440213279293,88,0.23359912001403263,0.8940799519944368,0.5594314003770571
89,0.000981013835793042,89,0.2266891228150545,0.9017751823982748,0.5536639146796223
90,0.000980582710894425,90,0.23364693147796267,0.8957840642962414,0.5424696852013179
91,0.0009801468428384706,91,0.22644047894098943,0.8991909916621054,0.5897759844221683
92,0.0009797062359270204,92,0.22654419975015896,0.8979822795463651,0.5568656166086637
93,0.000979260894508687,93,0.20484678216913146,0.9122312342341024,0.5696053605015298
94,0.0009788108229788102,94,0.23018097900929624,0.8945366108383971,0.5423564732630932
95,0.0009783560257794143,95,0.2230633546140495,0.8991887059660151,0.5565800056423912
96,0.000977896507399164,96,0.2376246714769653,0.8948878283146571,0.5879479844913205
97,0.0009774322723733204,97,0.22311480174625467,0.9020879644172273,0.55125481927092
98,0.0009769633252836956,98,0.21940120413193684,0.9058152644284008,0.5730018689877844
99,0.0009764896707586083,99,0.21016517027238107,0.9053761452560952,0.605631662734037
100,0.0009760113134728371,100,0.2337625333217823,0.8928570036327497,0.5863156049299577
101,0.0009755282581475756,101,0.19609178825469667,0.9129601020887793,0.5414677789433486
102,0.0009750405095503846,102,0.21913411534318372,0.9008497257185507,0.5841976868127248
103,0.0009745480724951461,103,0.22936201790367228,0.8925820200631701,0.5732725049900405
104,0.0009740509518420147,104,0.20325399860148946,0.9115534332689091,0.5597659821467469
105,0.0009735491524973707,105,0.22095552206557775,0.9021951246590898,0.5587411248731107
106,0.0009730426794137714,106,0.21646577465594175,0.9021053976064977,0.5888403034336868
107,0.0009725315375899012,107,0.2201706817079682,0.9027460644501069,0.5594518912331404
108,0.0009720157320705237,108,0.22747928204604229,0.8986578191431478,0.584542830695039
109,0.0009714952679464311,109,0.20835457638360896,0.907779881655179,0.5753448741721885
110,0.000970970150354394,110,0.21949033410269259,0.9023140276572986,0.5753390274278251
111,0.0009704403844771115,111,0.22354720562068534,0.8996926347926222,0.5863707032976632
112,0.0009699059755431586,112,0.22570666482848212,0.8992420723741342,0.5609106370296102
113,0.0009693669288269359,113,0.1985637648563595,0.9112837138774805,0.5660914572515248
114,0.0009688232496486166,114,0.20406042266958194,0.9071224157356303,0.5690322210353241
115,0.0009682749433740951,115,0.23005858390661993,0.896050236790023,0.5846555016730469
116,0.0009677220154149325,116,0.21756222338609982,0.9026337245427614,0.5966572623034724
117,0.0009671644712283048,117,0.24403296495039897,0.886342366774965,0.5744353625895597
118,0.000966602316316948,118,0.2369707023282319,0.8894173199893244,0.5931488674442157
119,0.0009660355562291042,119,0.2065267916710666,0.9078118314116149,0.5716917302025122
120,0.0009654641965584666,120,0.22869999566771232,0.8928304085026963,0.585208633074803
121,0.0009648882429441245,121,0.22033605332752254,0.9002080362993022,0.5675093704273998
122,0.0009643077010705074,122,0.20387548041894493,0.9078357928751964,0.5877017542419515
123,0.0009637225766673293,123,0.20977249931721056,0.9055239488548184,0.5829775065501093
124,0.000963132875509532,124,0.21867844967832345,0.9003507266620692,0.5977718918637253
125,0.0009625386034172276,125,0.20336012775808132,0.9097267427655048,0.5473244571817036
126,0.000961939766255642,126,0.2101200134929097,0.9087844985232084,0.5724818292316304
127,0.0009613363699350561,127,0.22338959837200717,0.8979703437947629,0.586155916322492
128,0.0009607284204107479,128,0.20527501683836247,0.9052745369289911,0.5792350664307556
129,0.0009601159236829338,129,0.20335988498473348,0.9081316129398402,0.5616508688850212
130,0.0009594988857967092,130,0.22348101232713807,0.8941318656042598,0.5684417332046163
131,0.0009588773128419891,131,0.20744128963227254,0.9046678518535475,0.5737920272224822
132,0.0009582512109534474,132,0.211678708568425,0.9049768482188413,0.5607483368937218
133,0.0009576205863104573,133,0.21580765448076786,0.8999300789148039,0.5723299792253262
134,0.0009569854451370291,134,0.23242024544615994,0.8927151531928823,0.5713278202175627
135,0.00095634579370175,135,0.20477519570689837,0.9042456525174418,0.5605359097602866
136,0.0009557016383177212,136,0.21593588973887112,0.9024827399860818,0.5657508494185325
137,0.0009550529853424964,137,0.21081389364114614,0.9027777055897608,0.5599485606332998
138,0.0009543998411780187,138,0.20175391741726484,0.9063969347623112,0.5771020839713504
139,0.000953742212270557,139,0.20847352497519125,0.9047140869015734,0.5635762228663038
140,0.0009530801051106435,140,0.21474508648486237,0.8991362677499435,0.5453126281429599
141,0.0009524135262330084,141,0.21641457274509154,0.8993658184019315,0.5973798629073988
142,0.0009517424822165161,142,0.21618611472465465,0.9012864325802511,0.5744108549956172
143,0.0009510669796841,143,0.21010813481431756,0.9011337897246813,0.5819403645423197
144,0.0009503870253026977,144,0.20269891221826772,0.9026103095250501,0.5771038968317644
145,0.0009497026257831842,145,0.1998743230150945,0.9115468617706858,0.5658456511423423
146,0.0009490137878803065,146,0.22265176932996106,0.8941403076668836,0.5887005756951262
147,0.0009483205183926168,147,0.19104980230865012,0.9126367174945876,0.5640723814132856
148,0.0009476228241624046,148,0.20889548009741243,0.9040758874961325,0.5666458785382551
149,0.0009469207120756306,149,0.19420953242509847,0.9120970554369695,0.605242669963293
150,0.0009462141890618578,150,0.20756596253427492,0.9038438340853076,0.5609582608125347
151,0.0009455032620941827,151,0.1931092592313732,0.9091824115821798,0.5791760510420695
152,0.0009447879381891678,152,0.21846410862619345,0.8965285843458817,0.5909425020190137
153,0.000944068224406771,153,0.22202601047507164,0.8948518465380197,0.5656468234489768
154,0.0009433441278502771,154,0.21827463596914418,0.9010778455907441,0.5693761123300701
155,0.0009426156556662263,155,0.22349926109295265,0.8936824633363913,0.5653602719985732
156,0.0009418828150443455,156,0.2186409636270498,0.8938343836793876,0.6077922555308062
157,0.0009411456132174754,157,0.21201638388838526,0.8976841117630571,0.5815483750814854
158,0.0009404040574615006,158,0.2092108657599634,0.9011681149099192,0.5806743226833797
159,0.0009396581550952768,159,0.21145536815792879,0.9001747915817756,0.5726296543166614
160,0.0009389079134805596,160,0.20990353762183675,0.9061730832921056,0.56526021602669
161,0.0009381533400219305,161,0.21334788549578051,0.9012030507914702,0.5487141593095411
162,0.0009373944421667251,162,0.20848608787345993,0.9009158571334189,0.5950108559149939
163,0.0009366312274049588,163,0.21190693547876302,0.901153226174787,0.5723472377269916
164,0.0009358637032692533,164,0.18788765995636275,0.9124654169673758,0.5847326180763134
165,0.0009350918773347616,165,0.2000591585829807,0.9061495040462941,0.6013301911878131
166,0.0009343157572190944,166,0.20419926455827084,0.9058800619839097,0.5624833035801136
167,0.0009335353505822438,167,0.20772798852921193,0.9035722793525763,0.5867300592900145
168,0.0009327506651265082,168,0.1890835084165288,0.9144690322778406,0.5787036391650534
169,0.0009319617085964164,169,0.18516648443486747,0.9143613963778016,0.5854586314937789
170,0.0009311684887786508,170,0.19943027980665332,0.9084281049428038,0.5742167504816447
171,0.0009303710135019706,171,0.19857665082162346,0.9062833423860055,0.5760242891218086
172,0.000929569290637135,172,0.22362584321331577,0.8947211961000612,0.5397305061789616
173,0.000928763328096825,173,0.1944933112022128,0.9102772079716254,0.5682241313280478
174,0.0009279531338355654,174,0.2021381879220768,0.9014137570210985,0.5706598812717956
175,0.0009271387158496464,175,0.21625566149119507,0.8999339819950504,0.5703419461475608
176,0.0009263200821770449,176,0.20335646809898753,0.9028675448163735,0.5731712685433544
177,0.0009254972408973448,177,0.205289338372717,0.9038265307954393,0.560091713949954
178,0.000924670200131657,178,0.2090716796698234,0.8970445390145627,0.5829545569363228
179,0.0009238389680425404,179,0.20683149978885648,0.8986643295294591,0.5605162427138043
180,0.0009230035528339198,180,0.21216987551686667,0.8972984029383029,0.5664945361537329
181,0.0009221639627510063,181,0.22131400678771487,0.8933401622799861,0.5722906287407845
182,0.000921320206080215,182,0.21128468858671265,0.8979594730296213,0.5752132754336943
183,0.0009204722911490834,183,0.21965421987510883,0.8942832254023897,0.5320900954338741
184,0.0009196202263261897,184,0.20174162974467574,0.9025853616195888,0.5785331426255239
185,0.0009187640200210698,185,0.2171676191520138,0.8957498433492568,0.5680505200066988
186,0.000917903680684134,186,0.21981188827884687,0.8940495952456917,0.5683850465539505
187,0.0009170392168065844,187,0.19743954002506564,0.9083443181697075,0.5709422860249543
188,0.0009161706369203305,188,0.19058785925210614,0.9134858788304829,0.5502966448675874
189,0.0009152979495979051,189,0.21732884745491274,0.8956801176823276,0.5881209399526094
190,0.0009144211634523797,190,0.19273318208608595,0.9103043599388506,0.6156481402876297
191,0.0009135402871372796,191,0.2193278215462843,0.8924392493019752,0.5591052329549847
192,0.0009126553293464986,192,0.19765338975504537,0.9079971720997722,0.5844036440972185
193,0.0009117662988142125,193,0.20511786915615654,0.9028154622462615,0.5747288264782741
194,0.0009108732043147939,194,0.20144505237580687,0.9054814218590556,0.5998458312067075
195,0.000909976054662725,195,0.2050174364017672,0.9003172132667856,0.5524093525543297
196,0.0009090748587125104,196,0.2021733393974749,0.9022180587823194,0.5812301101908126
197,0.0009081696253585908,197,0.21281759003125672,0.8959735471296314,0.568904947329886
198,0.0009072603635352535,198,0.19613106666354024,0.9061451886801761,0.5544682327453633
199,0.0009063470822165457,199,0.19295512805931458,0.9059888446673539,0.5668933314985464
200,0.0009054297904161855,200,0.20213705117627884,0.8997076272456296,0.5917630479025255
201,0.0009045084971874724,201,0.21524263454277362,0.8937754391749828,0.5552255799705687
202,0.0009035832116231988,202,0.19787640499025874,0.9061985895633494,0.5586450473895924
203,0.0009026539428555596,203,0.21166979150222648,0.897091907869063,0.5662732790766815
204,0.0009017207000560626,204,0.2095702055018112,0.8971047380531787,0.589085591085035
205,0.000900783492435437,205,0.2104334023516072,0.899441475111644,0.5877242588282342
206,0.0008998423292435441,206,0.1985160866594929,0.9056248964967808,0.590383558677625
207,0.0008988972197692842,207,0.20101922775310407,0.9031717726637288,0.5462584337376917
208,0.0008979481733405066,208,0.20437998525601084,0.9003143601308181,0.5801585623660463
209,0.0008969951993239164,209,0.20458551627340113,0.9019352611652653,0.5634523522758773
210,0.0008960383071249824,210,0.20027284098685713,0.9031821656566578,0.5767473054351265
211,0.0008950775061878439,211,0.19791733054556152,0.9050151512073794,0.5806570881429749
212,0.0008941128059952187,212,0.20665351366397142,0.8982370116560444,0.5545671117304596
213,0.0008931442160683081,213,0.19461574203645454,0.9066542123343615,0.5526533368841089
214,0.0008921717459667036,214,0.18508214100581388,0.916520846901327,0.5882217027179761
215,0.0008911954052882926,215,0.19306623098226952,0.9068202453334879,0.5617932691555435
216,0.0008902152036691634,216,0.1958703695792341,0.9117638563152388,0.564199014143489
217,0.0008892311507835103,217,0.18964179282232527,0.909334521180214,0.5578080097461187
218,0.0008882432563435378,218,0.19035122165960944,0.912111480059816,0.5590579189163116
219,0.0008872515300993655,219,0.2152684410445291,0.8923918217423119,0.5838285972909887
220,0.0008862559818389307,220,0.201212860633573,0.9022031660305182,0.572784262256153
221,0.0008852566213878929,221,0.19970936909767711,0.9020043408477364,0.5803652992990804
222,0.0008842534586095366,222,0.2000290016107968,0.9081562877118065,0.5618565593593572
223,0.0008832465034046733,223,0.21633062506672154,0.8909569379201742,0.602508592833874
224,0.0008822357657115442,224,0.21432546022623555,0.8959677889662352,0.5663938540588891
225,0.0008812212555057223,225,0.19646339806412755,0.9082186286269942,0.5755429272658967
226,0.000880202982800014,226,0.21391005556109677,0.893064380710474,0.5778910294659348
227,0.0008791809576443595,227,0.20819625620703144,0.8982067855547452,0.5733015452174918
228,0.0008781551901257345,228,0.20454684827743216,0.9004150943852048,0.5744471530870927
229,0.0008771256903680505,229,0.19720526048391918,0.9057693698540583,0.5728550929638667
230,0.0008760924685320542,230,0.21089945145167957,0.8968299760996549,0.5736657459912605
231,0.0008750555348152283,231,0.21588699755481425,0.888995209800505,0.5734037529167139
232,0.0008740148994516897,232,0.1948334334626294,0.9064778166218115,0.5851257030359605
233,0.0008729705727120896,233,0.19754791950456965,0.9051375962572132,0.5633048524639045
234,0.000871922564903511,234,0.19138433682368697,0.9066686346480299,0.5661184111439451
235,0.0008708708863693681,235,0.18147552288730123,0.9123417954888426,0.5673657748632527
236,0.0008698155474893034,236,0.20063482945720928,0.898554621906331,0.5638693617416511
237,0.0008687565586790856,237,0.19707212397327345,0.9044107353710663,0.56136992361015
238,0.0008676939303905066,238,0.2088353884437117,0.8948609623602868,0.5850041991003344
239,0.0008666276731112787,239,0.1873505107416238,0.9070916274958066,0.5877919402542047
240,0.0008655577973649307,240,0.20606901674652173,0.8987720469337299,0.5426930735336467
241,0.0008644843137107043,241,0.20739688284340058,0.8990289900652313,0.5746089264312374
242,0.00086340723274345,242,0.19378306987632746,0.9041584966534167,0.5760981225296117
243,0.000862326565093522,243,0.20753937197525346,0.8972649904963854,0.5880007266937513
244,0.0008612423214266735,244,0.18637788663186708,0.9098586803263579,0.5917087844477614
245,0.000860154512443952,245,0.2081129053485143,0.8991533690029849,0.5734241085066664
246,0.000859063148881593,246,0.20865413464668695,0.9043162066589506,0.582924739840789
247,0.0008579682415109142,247,0.21537158507007306,0.8913473493374566,0.5598889233415844
248,0.0008568698011382094,248,0.18896179204097296,0.9102193656607208,0.5852217880280204
249,0.0008557678386046416,249,0.19733549093654348,0.9058662009306276,0.590621055162024
250,0.0008546623647861356,250,0.21270572577776817,0.8943605087817564,0.5971263094602126
251,0.0008535533905932725,251,0.19583034389764667,0.9047845889076938,0.5604083110841076
252,0.0008524409269711795,252,0.19254913478708602,0.905865134870887,0.5830404645646039
253,0.0008513249848994234,253,0.21029746745901956,0.8959890330962914,0.5706849711758532
254,0.0008502055753919019,254,0.21900761317131728,0.890212149355395,0.5809286532433994
255,0.0008490827094967352,255,0.2017653973168187,0.90193740476559,0.5741276665465088
256,0.0008479563982961559,256,0.1977922071382862,0.9029059150637909,0.5859685149746403
257,0.0008468266529064013,257,0.20360056513567718,0.8992226112711124,0.582728485287643
258,0.000845693484477602,258,0.19204480723200862,0.9104528463713114,0.568805834964121
259,0.0008445569041936732,259,0.19372572750996545,0.9099282910872811,0.5357591644659874
260,0.0008434169232722031,260,0.19808560879662046,0.9043250320451482,0.5811578690800596
261,0.0008422735529643433,261,0.19759220397808924,0.903268914877662,0.5519553781309728
262,0.0008411268045546973,262,0.21015231737655626,0.8906126244963155,0.5656757746243015
263,0.0008399766893612086,263,0.21771709039160658,0.8865745192527852,0.5429354462036182
264,0.0008388232187350503,264,0.2128247463651591,0.8938834934915989,0.5838784481963488
265,0.0008376664040605113,265,0.17903064968198937,0.9130670875160984,0.5936549290185154
266,0.0008365062567548858,266,0.20952702230453155,0.8934100456540263,0.5564045432197637
267,0.0008353427882683592,267,0.19819759887262262,0.9023529011429358,0.6045576417081385
268,0.0008341760100838957,268,0.19785633004646153,0.8996284556740517,0.5713705709381287
269,0.000833005933717125,269,0.20731381012463632,0.8945951894518969,0.5673873514747376
270,0.0008318325707162285,270,0.19984835049986932,0.9015146631954251,0.564639724215309
271,0.0008306559326618251,271,0.19250688007132702,0.904319558284687,0.5908720054723903
272,0.0008294760311668577,272,0.1909092990064247,0.9055150418342943,0.580154543347388
273,0.0008282928778764774,273,0.2223571045485713,0.8865552839938917,0.5755836160000269
274,0.0008271064844679296,274,0.20035805559867748,0.9017503163548054,0.5799326718980344
275,0.0008259168626504385,275,0.20540571828168788,0.8949515027639678,0.5712973712515328
276,0.0008247240241650909,276,0.21085383102013677,0.8930602935952333,0.5826396197497964
277,0.0008235279807847213,277,0.19535030896670375,0.8982844534610602,0.5665583883212452
278,0.0008223287443137948,278,0.20296491645111386,0.9003438837541035,0.5630734925218551
279,0.0008211263265882914,279,0.1982406876488957,0.9035829849952179,0.5768799249200447
280,0.0008199207394755884,280,0.18587792257128272,0.9104407835173397,0.5459295447160037
281,0.0008187119948743441,281,0.18496995054656093,0.907049165709934,0.5908031143437987
282,0.0008175001047143796,282,0.1900665747889656,0.9037750513111095,0.5866934956426558
283,0.0008162850809565615,283,0.2060703617827048,0.8971044539917419,0.5768494618475658
284,0.0008150669355926837,284,0.18000743029387734,0.9137705087478798,0.5528180208125717
285,0.0008138456806453493,285,0.19865045186168082,0.898181669046755,0.5887585010050324
286,0.0008126213281678518,286,0.18566307932872447,0.909818083283155,0.5632509477079133
287,0.0008113938902440554,287,0.19325575653280339,0.9081209064841077,0.591293603179002
288,0.0008101633789882772,288,0.1931985593227558,0.9052158883571503,0.578249268623812
289,0.0008089298065451663,289,0.19781182543077233,0.8993585739896796,0.5678616038855647
290,0.0008076931850895849,290,0.19284400597909637,0.9050588339955944,0.588216687624687
291,0.0008064535268264874,291,0.2021784850187782,0.8959597984455118,0.5507103357166955
292,0.0008052108439908003,292,0.21319092901627482,0.8932865115177175,0.5615770271382382
293,0.0008039651488473019,293,0.21626655422103447,0.89065108935499,0.573486850775837
294,0.0008027164536904999,294,0.19275745780625117,0.9022383227800813,0.5745817005463572
295,0.0008014647708445116,295,0.18451955732473002,0.91134311846124,0.5820021456286317
296,0.0008002101126629411,296,0.19146405783343654,0.9022676195835293,0.6143123798036091
297,0.0007989524915287586,297,0.196632976185377,0.9037385073309004,0.5567297149739023
298,0.0007976919198541766,298,0.20529851871844762,0.8974550509820743,0.6099377662092383
299,0.0007964284100805288,299,0.18912058841268448,0.9105655804813869,0.5513466109318853
300,0.0007951619746781464,300,0.17858577345158297,0.9155668750586986,0.577966300480289
301,0.0007938926261462357,301,0.1864230651536432,0.9090073221814694,0.5801854710352728
302,0.0007926203770127542,302,0.18720266654222292,0.9067177135953107,0.5654890650521203
303,0.0007913452398342871,303,0.19125868753920036,0.9061672906048697,0.5528030512934944
304,0.0007900672271959238,304,0.20415886074535802,0.8989875232749547,0.5852559296092342
305,0.000788786351711133,305,0.18933158324460808,0.9050250696479354,0.5858155405846311
306,0.0007875026260216385,306,0.18341553047247297,0.9104103779180934,0.606080400515273
307,0.0007862160627972946,307,0.20954062834436687,0.8911897359433834,0.5690871304812054
308,0.000784926674735961,308,0.18033977419429206,0.9067518379145728,0.5500194449906312
309,0.0007836344745633775,309,0.20235726444451022,0.8978391997781044,0.5972756694299999
310,0.0007823394750330377,310,0.1968845742975459,0.9005194846540372,0.5718598716292113
311,0.0007810416889260644,311,0.17693211975636786,0.9140411949369118,0.5848600088846572
312,0.0007797411290510826,312,0.19675145958993265,0.9013416363461384,0.5660262900824923
313,0.0007784378082440932,313,0.20611874292893576,0.8985716861474746,0.579120457277378
314,0.0007771317393683462,314,0.19521966377597644,0.900640728150663,0.5479267876909204
315,0.0007758229353142144,315,0.2017808602930833,0.8990892971798896,0.55822959545857
316,0.0007745114089990652,316,0.1927719892428165,0.9004970130656968,0.5645770756996883
317,0.0007731971733671338,317,0.1908603353722035,0.9050510020438581,0.5886982891919633
318,0.0007718802413893954,318,0.19852598315643674,0.8979970783861674,0.5589734128480786
319,0.000770560626063437,319,0.2150056304554773,0.8924291691051154,0.5871139316121532
320,0.0007692383404133291,320,0.19229102543816357,0.9025308547376499,0.561119914317645
321,0.0007679133974894973,321,0.19862433492232795,0.900624147308321,0.5524747505390736
322,0.0007665858103685934,322,0.19925756772589587,0.8981859961864294,0.5855158565932493
323,0.0007652555921533661,323,0.19060355151426958,0.9046872495680028,0.5575054046426712
324,0.0007639227559725323,324,0.18694713455513318,0.9047842963901116,0.5908399072078986
325,0.0007625873149806469,325,0.18515590873033713,0.9076522801129528,0.5839386293337279
326,0.0007612492823579735,326,0.18782101422611816,0.9057485420265429,0.5545708577517526
327,0.0007599086713103538,327,0.21412829731378483,0.8872033921803687,0.5537835323300773
328,0.0007585654950690776,328,0.19026904702576455,0.9005428954924614,0.5712809718208763
329,0.0007572197668907525,329,0.1938953104122529,0.9030283499012031,0.5836213831867115
330,0.0007558715000571716,330,0.20435744319153987,0.8960458216739133,0.578753597307653
331,0.0007545207078751847,331,0.1929844106758827,0.9043970059084154,0.5914098149871367
332,0.0007531674036765654,332,0.18469706926339524,0.9097529926571621,0.557866183186885
333,0.0007518116008178794,333,0.1760555847837453,0.9120142368599932,0.5726782472352218
334,0.000750453312680354,334,0.18195115552113583,0.9085783732151861,0.5806302921380897
335,0.0007490925526697444,335,0.18714221754381002,0.9081926603249775,0.5642042731546766
336,0.0007477293342162028,336,0.17767739115961476,0.9148112270632651,0.580378580319616
337,0.0007463636707741449,337,0.19250524300173202,0.9039392067857772,0.5759017754500672
338,0.0007449955758221175,338,0.19269947850617294,0.9043147772126251,0.5538344602983465
339,0.0007436250628626652,339,0.18365095405538365,0.9112970657081939,0.5619187179190936
340,0.000742252145422198,340,0.19551177096266262,0.9032136315589611,0.5622508859889187
341,0.0007408768370508566,341,0.19643737502908734,0.8993332638359607,0.5658076726650458
342,0.0007394991513223794,342,0.1974516014952582,0.9015501048195158,0.5909224408958176
343,0.0007381191018339685,343,0.1822032764088958,0.9081249326175309,0.5705842841636743
344,0.0007367367022061551,344,0.2107814421866625,0.8888311014525857,0.5956642567054281
345,0.0007353519660826653,345,0.20155455492470553,0.8978370871402813,0.5586424614920786
346,0.0007339649071302857,346,0.19527120346263635,0.9014107682290452,0.5800991349766419
347,0.0007325755390387282,347,0.19922538614885937,0.8985944688894405,0.5603621882845469
348,0.0007311838755204948,348,0.19933194561640477,0.8966784628062249,0.5225270472423551
349,0.000729789930310743,349,0.19272787592009963,0.901737704697,0.576337821670067
350,0.0007283937171671487,350,0.19883528602012476,0.8999579985211477,0.5634755976216906
351,0.0007269952498697724,351,0.17837494841558985,0.9171761209554751,0.5957337774167233
352,0.0007255945422209216,352,0.19116008821193575,0.9000808851769111,0.5762609729816377
353,0.0007241916080450153,353,0.18841509920743352,0.9027801002725554,0.5948190078346673
354,0.0007227864611884471,354,0.19404014900233985,0.9014330770365874,0.6001763167229092
355,0.0007213791155194498,355,0.19695175797298584,0.8996431368758626,0.5679052857296202
356,0.0007199695849279566,356,0.19785487512803876,0.902591612369714,0.566011564397634
357,0.0007185578833254655,357,0.18958378548039348,0.9030972917485048,0.5537782526496539
358,0.0007171440246449014,358,0.17790240905335686,0.9152693351441835,0.5499141721946291
359,0.0007157280228404786,359,0.19522303313776623,0.9006899812620145,0.5475397654368827
360,0.0007143098918875634,360,0.16579401868136096,0.9131338091373891,0.5824137261940922
361,0.0007128896457825355,361,0.19061869689114044,0.9055310595298791,0.5773229002949238
362,0.0007114672985426509,362,0.1877928825707496,0.9042525246641563,0.574924662476994
363,0.0007100428642059023,363,0.1803958155534306,0.90897304626954,0.6038676672441479
364,0.0007086163568308818,364,0.20147664160545103,0.8950599926696408,0.5412180738783151
365,0.0007071877904966413,365,0.18851244408351114,0.907155846569664,0.589707794719718
366,0.0007057571793025535,366,0.20623547714433865,0.8953707835915977,0.5715577034530958
367,0.0007043245373681737,367,0.1852131310801787,0.9067031701636219,0.5607337711481236
368,0.0007028898788330991,368,0.19015656595985986,0.9030568324103767,0.5785296637590621
369,0.0007014532178568306,369,0.19014390129238679,0.9057773913698068,0.5775824843062739
370,0.0007000145686186315,370,0.190192096791504,0.906557897619299,0.5792027920300781
371,0.0006985739453173895,371,0.18775778792405312,0.9064428763820932,0.5833742865038392
372,0.0006971313621714746,372,0.18651821930582377,0.9096316825521298,0.5752558056119368
373,0.0006956868334186005,373,0.1840535277782313,0.9087050304011175,0.600765180416176
374,0.0006942403733156823,374,0.20285574806774248,0.8943617300768115,0.5633144043161996
375,0.0006927919961386975,375,0.1862431926974373,0.9031946582291699,0.5886626249551771
376,0.0006913417161825442,376,0.18726086429759298,0.9082432078119942,0.555690367004303
377,0.0006898895477609,377,0.17960565116986035,0.9086831287569743,0.5762029219085258
378,0.0006884355052060807,378,0.179493942080795,0.909724729812626,0.5922354294614681
379,0.0006869796028688994,379,0.18153115142483328,0.9083247952555155,0.5729518915300353
380,0.0006855218551185248,380,0.19763694309628468,0.8943184726327081,0.5724775863497253
381,0.0006840622763423383,381,0.2103390740278798,0.8937801291158167,0.5642820280963802
382,0.0006826008809457933,382,0.19849156125679945,0.8959786523322496,0.558582618616955
383,0.0006811376833522722,383,0.18476987654102336,0.9084040099046492,0.5721612912543128
384,0.0006796726980029447,384,0.18166567439449857,0.9065269458831571,0.5801342923078591
385,0.0006782059393566247,385,0.2029371883755097,0.894023046169107,0.5791176138723441
386,0.000676737421889628,386,0.19707413466131304,0.8984496694989741,0.5832736207438366
387,0.0006752671600956289,387,0.1939590097332521,0.9037884300063461,0.5829375379104124
388,0.0006737951684855179,388,0.1960128382848183,0.9014223842082584,0.5819036901589197
389,0.000672321461587258,389,0.20163255251143045,0.8950673648997822,0.5992369745218801
390,0.0006708460539457411,390,0.1855127724144036,0.9052417914818006,0.5954555800123903
391,0.0006693689601226453,391,0.20830383176734069,0.8906795638958728,0.5706490848241504
392,0.0006678901946962898,392,0.1903609949148609,0.9041368190971255,0.6046627865952433
393,0.0006664097722614928,393,0.18411552049394295,0.9081716303142788,0.5826672711503542
394,0.0006649277074294259,394,0.17339204498539293,0.9126182245876856,0.5518011638614697
395,0.0006634440148274709,395,0.21187263326117525,0.8896694079273975,0.5450033793113593
396,0.0006619587090990742,396,0.18121689071981856,0.9065522624440323,0.5997278348470101
397,0.0006604718049036041,397,0.19215916668112773,0.8994682736119932,0.5935819230577323
398,0.000658983316916205,398,0.19775518401701317,0.8977420353830516,0.5839901783591276
399,0.0006574932598276518,399,0.1910025171448339,0.9046775400592844,0.5835513931433509
400,0.0006560016483442069,400,0.1922824777907098,0.9018417016249787,0.5945409543501016
401,0.0006545084971874732,401,0.20020744927003262,0.8964158748887223,0.5881479784085604
402,0.0006530138210942499,402,0.19782363339802506,0.8980876966189094,0.5729533229234106
403,0.0006515176348163865,403,0.18338197443747978,0.9059678075665026,0.5523056878240775
404,0.0006500199531206377,404,0.18023469511129553,0.9073836014128288,0.5903485622233292
405,0.0006485207907885169,405,0.1924154110336072,0.903263605849417,0.5745846688955574
406,0.0006470201626161514,406,0.21158228584363775,0.8908495875126119,0.5518245174983782
407,0.0006455180834141354,407,0.1950506775196642,0.899094102417013,0.5846352453605336
408,0.000644014568007384,408,0.1886637168631284,0.9033272717775352,0.5928249224399048
409,0.0006425096312349875,409,0.18916842382820795,0.9031947732490087,0.563955606062485
410,0.0006410032879500642,410,0.20910903149937435,0.8915745734111439,0.5800213090908013
411,0.0006394955530196142,411,0.19205820586201083,0.9049817178852876,0.5681739142625333
412,0.0006379864413243723,412,0.19100047983688112,0.8999392274070633,0.5929000745428413
413,0.0006364759677586621,413,0.17882755113368104,0.9080755539324209,0.587809166392154
414,0.0006349641472302475,414,0.2044283899807424,0.8936402813838829,0.5784624455914849
415,0.0006334509946601873,415,0.18977771468841062,0.9041234082685365,0.5725661399174443
416,0.000631936524982686,416,0.17177021015848037,0.9134457534775728,0.5427521481362031
417,0.0006304207531449479,417,0.1814746558427384,0.9082749124215238,0.5764725536576222
418,0.0006289036941070295,418,0.18353295336625228,0.9056993982596555,0.5812474680822707
419,0.0006273853628416907,419,0.1907893103887638,0.9041327571226555,0.5592343136374648
420,0.0006258657743342481,420,0.19440133420081762,0.8983649302061505,0.5704840976021249
421,0.0006243449435824269,421,0.19652656802496435,0.8991930400982712,0.5882012846714051
422,0.0006228228855962129,422,0.18356651072411817,0.9080764582521197,0.5901185597412784
423,0.0006212996153977034,423,0.19177793059108994,0.9017618496264121,0.5826466266306539
424,0.0006197751480209606,424,0.1952307514940021,0.896543562065682,0.5929667461509344
425,0.0006182494985118621,425,0.1995528012267646,0.8940737272306968,0.5663259152250166
426,0.0006167226819279525,426,0.17219788951660953,0.9141010318573646,0.5778960753030127
427,0.000615194713338295,427,0.18557529347343754,0.9044386840047551,0.5777900798118741
428,0.0006136656078233229,428,0.19831272577022854,0.8972034699573919,0.5663445141817008
429,0.0006121353804746904,429,0.1910186335601987,0.9033144104683,0.5569812621633512
430,0.0006106040463951233,430,0.19587549167181872,0.8980993799870963,0.5567369319466643
431,0.0006090716206982711,431,0.1928873542721329,0.8981922116484095,0.5832883615589125
432,0.0006075381185085564,432,0.18007416964944278,0.9086262360711935,0.5634611305608598
433,0.0006060035549610271,433,0.18205505854540527,0.9082827498860163,0.5709397240180593
434,0.0006044679452012055,434,0.19552316945543252,0.8969911785257453,0.5885731143730938
435,0.0006029313043849404,435,0.17778596015286086,0.9071728724979645,0.5614941961782227
436,0.000601393647678256,436,0.1888200948884005,0.9009136543075532,0.5661690902899511
437,0.0005998549902572033,437,0.19154101357031358,0.9006678902977862,0.5735462529811467
438,0.0005983153473077097,438,0.17536456844295698,0.9113199395488641,0.593845364814943
439,0.0005967747340254299,439,0.18805528471324337,0.9020919147705786,0.6038674611031851
440,0.0005952331656155947,440,0.17549341706819824,0.9091126792804289,0.5896770472577095
441,0.000593690657292862,441,0.19271431613689047,0.898899964312985,0.5532882096381689
442,0.0005921472242811663,442,0.1990355316755671,0.8948363292510984,0.5749966732801364
443,0.0005906028818135683,443,0.18762311137147406,0.8995106742859538,0.588305811575642
444,0.0005890576451321047,444,0.1983998585563677,0.8986148513870701,0.5519317232448518
445,0.0005875115294876377,445,0.18053443661204244,0.9071367509835252,0.5806226299628666
446,0.0005859645501397045,446,0.1784898868643725,0.9099042796023474,0.5907302808444745
447,0.0005844167223563666,447,0.19042250004476552,0.9000101883542112,0.5624056686720731
448,0.0005828680614140596,448,0.20629782077175637,0.8893785921770528,0.5819221922542066
449,0.0005813185825974415,449,0.1863686346872575,0.9038453937562716,0.5880652202017032
450,0.0005797683011992427,450,0.19724711264625047,0.8966137463158786,0.5619274662662194
451,0.000578217232520115,451,0.19444583813998184,0.8978854874493735,0.548515387448133
452,0.0005766653918684798,452,0.18660922142685665,0.9055998805356114,0.5717671949191131
453,0.000575112794560378,453,0.19449594812133406,0.8953052785169113,0.5665786683791114
454,0.0005735594559193181,454,0.1851449241926137,0.9044735446591361,0.5658490171975304
455,0.0005720053912761255,455,0.1929955272792484,0.900779164064082,0.566488090580829
456,0.0005704506159687907,456,0.1814990897019373,0.9067852810588026,0.5579394186939987
457,0.0005688951453423185,457,0.18981091742148046,0.9001677385711214,0.5674325836799083
458,0.0005673389947485757,458,0.17922148268070506,0.9066379295386198,0.5252477669082297
459,0.0005657821795461407,459,0.18339561586114125,0.9072270156518203,0.5462091724405971
460,0.0005642247151001509,460,0.1805823591828946,0.9057076591331032,0.5775442593980497
461,0.0005626666167821515,461,0.18431548221111907,0.9043324687046126,0.5921062633085692
462,0.0005611078999699441,462,0.18941209518789523,0.9047371389392453,0.5497942947264983
463,0.0005595485800474343,463,0.20820456312581678,0.8890654582848827,0.576277059321881
464,0.0005579886724044802,464,0.20047771333846157,0.8934444878918302,0.5719377979795662
465,0.0005564281924367402,465,0.1853999589112106,0.9048907495681278,0.5598396966576081
466,0.0005548671555455221,466,0.18805045333067386,0.9036986747557615,0.5767387603436099
467,0.0005533055771376294,467,0.21445871360599358,0.886762192438545,0.5655812561817937
468,0.0005517434726252107,468,0.1909992800393935,0.9018921528745566,0.5788038021581003
469,0.0005501808574256068,469,0.20002513935779778,0.8945951929969732,0.5632162818163827
470,0.0005486177469611992,470,0.2040655582010624,0.8932109826584181,0.5648993025058741
471,0.0005470541566592566,471,0.1787402692048667,0.9095443216753653,0.6054019858690778
472,0.0005454901019517844,472,0.18386047811004672,0.904207822520142,0.5483729036857274
473,0.0005439255982753712,473,0.17520201596643362,0.9105835850784181,0.5595353666672064
474,0.0005423606610710361,474,0.20070464336965607,0.8950277824964514,0.561203139776101
475,0.0005407953057840783,475,0.19790925583969307,0.8964949093081273,0.5838145477461526
476,0.000539229547863922,476,0.20505570077928642,0.8906348985360909,0.5732783084549187
477,0.0005376634027639659,477,0.1839219821078136,0.9041212643104519,0.5559783983779679
478,0.0005360968859414298,478,0.19188818049960374,0.8998956309365783,0.5634771398502899
479,0.0005345300128572025,479,0.19802469614089954,0.8944241587407693,0.5785828669996551
480,0.0005329627989756883,480,0.19035011250079467,0.9003989694917158,0.5626742930729638
481,0.0005313952597646562,481,0.19247139760225018,0.8976271735441859,0.5640842677064344
482,0.0005298274106950849,482,0.19100532482825783,0.8988690478324646,0.5696916757389527
483,0.0005282592672410118,483,0.2022804329978039,0.8915737580761132,0.5719265599064853
484,0.0005266908448793798,484,0.1882625310660242,0.901664574293237,0.5967125691249947
485,0.0005251221590898843,485,0.19188492413412028,0.900100321529446,0.5710669296162681
486,0.0005235532253548208,486,0.19224473423566626,0.8989150064621082,0.5764696883748306
487,0.000521984059158932,487,0.20117253322512868,0.8945286076497174,0.5565482289730882
488,0.0005204146759892546,488,0.17956116576894632,0.9065687841909277,0.5735571288011062
489,0.0005188450913349667,489,0.1991781498600642,0.8925636760494737,0.5495047729684692
490,0.0005172753206872356,490,0.1924421417447259,0.901441077200569,0.5716388864549332
491,0.0005157053795390636,491,0.19664510348798248,0.894748452370587,0.5998549672304957
492,0.000514135283385136,492,0.17544236536383037,0.9152866366127281,0.5971943890999932
493,0.0005125650477216682,493,0.17569282493924948,0.910839125465499,0.5806041857187921
494,0.000510994688046252,494,0.18661316092112493,0.9030816179903707,0.5464802205121131
495,0.0005094242198577035,495,0.1871975936216638,0.9027853307562194,0.5966879495117136
496,0.0005078536586559097,496,0.1913315296724473,0.9002141163979094,0.5790185686140971
497,0.0005062830199416756,497,0.17689370924830997,0.911271812568409,0.5807449509854908
498,0.0005047123192165713,498,0.19307299543275186,0.898746434602909,0.5687501150903672
499,0.0005031415719827789,499,0.16780528993553753,0.9118034645098129,0.5456873271089974
500,0.0005015707937429391,500,0.21024335980658637,0.8854532514206741,0.5640689102996813
501,0.0004999999999999994,501,0.19847259467763206,0.8957853359704088,0.5903773575201591
502,0.0004984292062570596,502,0.17747543580758315,0.907795448735787,0.5706408396319501
503,0.00049685842801722,503,0.1928160152429017,0.8957457734390195,0.5702031218459498
504,0.0004952876807834274,504,0.18956383608471544,0.8994233185641854,0.6202683974013612
505,0.0004937169800583231,505,0.19644185691761923,0.8939302497308916,0.5584695015495372
506,0.0004921463413440891,506,0.18497002574044508,0.9012642993678196,0.5675961754798259
507,0.0004905757801422952,507,0.18786560727671006,0.9010610350990084,0.5518022189172611
508,0.0004890053119537468,508,0.17469370066382733,0.9109546865950624,0.5709923717796881
509,0.00048743495227833065,509,0.19998484298298452,0.8937845926270968,0.5835361053552134
510,0.0004858647166148628,510,0.19196186069866328,0.8984717220527882,0.5776872324283684
511,0.00048429462046093526,511,0.16881734123026307,0.9149950486536942,0.5995645401594679
512,0.0004827246793127634,512,0.17895169375812583,0.9082056472079713,0.5657686565163603
513,0.00048115490866503213,513,0.18817179219041175,0.8990118008032307,0.560882042758835
514,0.00047958532401074443,514,0.1838751857052964,0.9033719017516013,0.5666187716658623
515,0.0004780159408410671,515,0.1811110847494224,0.9070923190784024,0.5927414324571292
516,0.0004764467746451781,516,0.17401932795234365,0.9090786058606573,0.5538352001086289
517,0.0004748778409101148,517,0.19286389627672337,0.8964441689234254,0.5429945181127712
518,0.0004733091551206193,518,0.2009297495680396,0.8913958421437695,0.5873687042230104
519,0.0004717407327589873,519,0.18174382092635097,0.9032357087656913,0.5902306963505523
520,0.0004701725893049142,520,0.19107178945082595,0.8997764984515939,0.5768469592057708
521,0.000468604740235343,521,0.18366435998560818,0.9029234234151841,0.5595199327246511
522,0.0004670372010243106,522,0.16716732721833258,0.9157681886248703,0.5713642843555999
523,0.0004654699871427967,523,0.18922696333273423,0.8995442751047709,0.5771648425232242
524,0.0004639031140585693,524,0.17548805165955533,0.9102518268188091,0.5619074168987435
525,0.00046233659723603313,525,0.17615809975238322,0.9101574450159573,0.5668841623711797
526,0.00046077045213607716,526,0.1933164081327323,0.8981777673975486,0.5905538425232999
527,0.0004592046942159208,527,0.2042122560647028,0.8916721237316615,0.5710374007409358
528,0.00045763933892896283,528,0.175976226871322,0.90870607984128,0.5681817721321102
529,0.00045607440172462795,529,0.20922595049853376,0.8855231140446344,0.5547911853084614
530,0.00045450989804821464,530,0.18366772901809614,0.9019623149436334,0.563735545766701
531,0.0004529458433407424,531,0.20007605838440648,0.8913105188565381,0.5705871131854512
532,0.0004513822530388,532,0.18619580594401133,0.8952512728079413,0.5767600507235188
533,0.0004498191425743922,533,0.17188216547713336,0.9109260007155928,0.5958785736706382
534,0.0004482565273747884,534,0.1819903670448004,0.9043204607180149,0.5536426069073845
535,0.00044669442286236966,535,0.18456431565491355,0.9039038007100206,0.5733768355594838
536,0.000445132844454477,536,0.18415581154868024,0.9019280555211875,0.5829261888941046
537,0.0004435718075632588,537,0.18183878253122984,0.9071645180052306,0.5549615873569016
538,0.000442011327595519,538,0.17052175680923246,0.9132446665360968,0.557809506556871
539,0.00044045141995256487,539,0.1749934544200655,0.9057995232812929,0.5939074496714986
540,0.0004388921000300549,540,0.19409971862195427,0.8938634173666204,0.5709272556861741
541,0.0004373333832178476,541,0.18477708250525582,0.9023960031891064,0.5697203047829357
542,0.0004357752848998483,542,0.1910726150007081,0.899414181959315,0.5662311384129961
543,0.0004342178204538584,543,0.17864456751435215,0.9084571336213967,0.5715777985103462
544,0.0004326610052514234,544,0.1891332456861598,0.901263871616959,0.573367050691514
545,0.0004311048546576807,545,0.1746463412388947,0.910086580338772,0.5828504999482219
546,0.0004295493840312084,546,0.18236050786762878,0.9050277204868871,0.5575237895559865
547,0.0004279946087238736,547,0.19139485978386023,0.8992362379265498,0.5661303429519112
548,0.0004264405440806811,548,0.19114715564041257,0.9057250925500392,0.5817148799632677
549,0.0004248872054396212,549,0.18079785445440008,0.9040928474664993,0.5730987929094927
550,0.0004233346081315195,550,0.18284776517605636,0.9040575211386982,0.5810329175305989
551,0.0004217827674798844,551,0.18541074758653614,0.9044297487211914,0.5770283517184317
552,0.00042023169880075665,552,0.18055770204534952,0.9045253120101681,0.5860014669132753
553,0.000418681417402558,553,0.1886429375550338,0.8987596543388747,0.5637937269972687
554,0.00041713193858594004,554,0.18092406585663925,0.9093290105542113,0.5784949216638785
555,0.0004155832776436329,555,0.19175905933927134,0.8964304520311599,0.5773538197472224
556,0.00041403544986029495,556,0.1721399473868706,0.9091143069908395,0.5987054552312733
557,0.0004124884705123618,557,0.185280800596234,0.9031161772482169,0.5704652913422205
558,0.00041094235486789464,558,0.19263877484746394,0.8967504526385973,0.5979444467894064
559,0.0004093971181864311,559,0.1829374460764696,0.9017866230750899,0.5574716457774974
560,0.00040785277571883313,560,0.1833320981695386,0.9040729835582456,0.5651151692859601
561,0.00040630934270713745,561,0.17962161628840692,0.90356453658065,0.5592056938592803
562,0.00040476683438440486,562,0.18336896213696266,0.9054198084325576,0.5607002573925624
563,0.00040322526597456974,563,0.17119077363574187,0.9108342235356058,0.6047127053238653
564,0.00040168465269228967,564,0.17571761151471602,0.9058211325054248,0.5774209941386318
565,0.0004001450097427963,565,0.1896951871479205,0.8964606476578122,0.5541459912327013
566,0.00039860635232174353,566,0.1842786984991891,0.89986939096463,0.5622364836283527
567,0.000397068695615059,567,0.17858581635684934,0.9065566743728256,0.5589847988828458
568,0.0003955320547987939,568,0.18653820562503945,0.8995444414956926,0.5766951031900243
569,0.00039399644503897244,569,0.18125784701449923,0.9051706016333027,0.5913371497242839
570,0.0003924618814914431,570,0.1889316729758491,0.9000780189989656,0.5663784527730817
571,0.0003909283793017285,571,0.1710260727270575,0.9106224169988484,0.5714679928954138
572,0.00038939595360487633,572,0.18299255559438635,0.9045707321134469,0.5793520667362448
573,0.00038786461952530917,573,0.1915075669254892,0.8975748346552986,0.5663599198121801
574,0.00038633439217667666,574,0.18421591968246306,0.9021768310895528,0.5583246645258725
575,0.0003848052866617046,575,0.19780441154013997,0.8907578201872866,0.56290771168302
576,0.00038327731807204717,576,0.17431679453520693,0.909520313101297,0.563173128767234
577,0.00038175050148813746,577,0.21188338281949956,0.8852105972884571,0.5717501205541266
578,0.0003802248519790389,578,0.17695935017946446,0.9071657045975662,0.5760538036758954
579,0.00037870038460229607,579,0.18884235078497344,0.8955999324140631,0.6054100076775928
580,0.0003771771144037866,580,0.1870245118452283,0.9018575923157649,0.5973954374892786
581,0.00037565505641757246,581,0.18273217915390974,0.9055258119550443,0.5754166856417504
582,0.00037413422566575115,582,0.1723840221507296,0.912622500795346,0.5755512181108501
583,0.00037261463715830876,583,0.19005884082640276,0.896956641709208,0.567594804154755
584,0.0003710963058929699,584,0.20004493928324568,0.8925148991166768,0.6025052157354913
585,0.00036957924685505135,585,0.20390444461499876,0.8905244429994295,0.5881253453181997
586,0.00036806347501731337,586,0.18269423738176616,0.9037625319228594,0.5619125481654608
587,0.0003665490053398121,587,0.16700201966221023,0.916500166731119,0.5712477824182544
588,0.0003650358527697516,588,0.18738600291760846,0.9020418261270184,0.5726146351205157
589,0.00036352403224133715,589,0.18232113717830398,0.901943688234493,0.5756171010860106
590,0.00036201355867562703,590,0.18834701988780794,0.8997046813847759,0.5665401970345794
591,0.0003605044469803851,591,0.17974683711230144,0.9069556143981272,0.5692540918505326
592,0.0003589967120499351,592,0.17435103215766956,0.9081228927025579,0.5774659757570767
593,0.0003574903687650117,593,0.20012253525172446,0.8938516994258084,0.5486855815096512
594,0.00035598543199261525,594,0.17937669193986555,0.904357699386827,0.5689711194404625
595,0.00035448191658586387,595,0.18038265728866143,0.9038907451371075,0.5567915467247723
596,0.0003529798373838479,596,0.17671528438561795,0.9053580254603453,0.5725300420599763
597,0.0003514792092114823,597,0.1937916666561507,0.8976462648859901,0.5713357089527988
598,0.00034998004687936173,598,0.17369332833560047,0.91010382700499,0.5809622175317374
599,0.00034848236518361284,599,0.18036705120305063,0.90738660145806,0.5380853055989381
600,0.00034698617890574935,600,0.16762485029025806,0.9117950337654145,0.5816104333593153
601,0.0003454915028125261,601,0.18870805512196787,0.8981335589135432,0.5797702639878762
602,0.0003439983516557924,602,0.18803875847306792,0.8977692635531559,0.5800555541385456
603,0.00034250674017234737,603,0.17558291101406903,0.9066815865030678,0.5971226315193181
604,0.00034101668308379426,604,0.1996373231333838,0.8918033710596496,0.5748964271645932
605,0.00033952819509639506,605,0.1631336523312845,0.9149942901699792,0.5756489711069355
606,0.000338041290900925,606,0.17669698030025882,0.9077421912493248,0.5762598639304594
607,0.00033655598517252856,607,0.18377285602156168,0.9036787468409923,0.5715570579484341
608,0.00033507229257057335,608,0.1859739557034065,0.9039539785659143,0.5788817712633658
609,0.0003335902277385065,609,0.18121431263163526,0.9035748488824379,0.5788611430020475
610,0.00033210980530370943,610,0.19045726711797392,0.8966029134407729,0.5659913904959638
611,0.00033063103987735404,611,0.1847441677807979,0.8973718399423825,0.568610003767727
612,0.00032915394605425804,612,0.19400706597251227,0.8931061765423759,0.5574258546171122
613,0.0003276785384127412,613,0.1940143567459131,0.8942119750924524,0.5871332839792303
614,0.00032620483151448126,614,0.19321319411067017,0.9008082574647105,0.5652978071870696
615,0.00032473283990437017,615,0.19626654060559867,0.8951004256636237,0.5518365385964152
616,0.0003232625781103712,616,0.18539902398286767,0.9023102920249921,0.5543445102752645
617,0.00032179406064337436,617,0.1802355592467716,0.903994133612904,0.5919395549483488
618,0.0003203273019970544,618,0.17764680697035176,0.9063886763606599,0.5658283655209227
619,0.00031886231664772686,619,0.1857817594759482,0.8993487355410061,0.5623036809620072
620,0.00031739911905420584,620,0.18595135842772104,0.8995221024736926,0.5882401589183416
621,0.0003159377236576607,621,0.19675041460754092,0.8901686532853743,0.5421171650151673
622,0.00031447814488147415,622,0.18446263394607787,0.900829884154035,0.559477526797586
623,0.00031302039713109955,623,0.17994575777072586,0.9023644702555894,0.5676340384909094
624,0.0003115644947939183,624,0.1856783378434482,0.9007826863413364,0.587199902694959
625,0.0003101104522390992,625,0.1699794802016559,0.910592736741732,0.5942272320613287
626,0.00030865828381745485,626,0.19358821430543935,0.897855692481393,0.5775613692270417
627,0.0003072080038613015,627,0.1927132729463478,0.8967466488042262,0.5586912104467124
628,0.0003057596266843167,628,0.1903069650766243,0.8946127930975436,0.5732932894677384
629,0.0003043131665813986,629,0.19663912651140739,0.8948557326897136,0.5712888780537557
630,0.0003028686378285242,630,0.17363210934661255,0.9086724121863909,0.5766220158041487
631,0.00030142605468260934,631,0.1712533596252077,0.9101058242814763,0.5807078750564046
632,0.0002999854313813674,632,0.19494976696887584,0.8931662281838735,0.5844826485697501
633,0.00029854678214316833,633,0.17895939593699717,0.9042226476390421,0.5871085306455207
634,0.00029711012116689976,634,0.18235891494086579,0.899094831141601,0.5734637333668184
635,0.00029567546263182523,635,0.18051432741273749,0.9028238638494821,0.584490474388769
636,0.0002942428206974453,636,0.17836581544148788,0.9046844536736347,0.5555389291100917
637,0.00029281220950335763,637,0.19229829536736778,0.894516745271438,0.5737263312635845
638,0.0002913836431691171,638,0.18277984945474657,0.8996956613446169,0.5749421759316337
639,0.00028995713579409654,639,0.1842655147925516,0.9025277691227324,0.5733740103089734
640,0.0002885327014573481,640,0.19375686808570652,0.8914056447676578,0.5775490061264746
641,0.0002871103542174633,641,0.18562745903865976,0.8993220785022117,0.5915966600270318
642,0.0002856901081124355,642,0.18886326508673879,0.895161040939733,0.5843578467344406
643,0.0002842719771595203,643,0.19643076037911364,0.8939684514408273,0.5885132825432519
644,0.00028285597535509735,644,0.17132617322590987,0.9106190883998463,0.5777912506384802
645,0.00028144211667453334,645,0.1719087005838001,0.9100085552253628,0.5705682945152037
646,0.00028003041507204207,646,0.17888787281402113,0.9039004084297393,0.5882627843516897
647,0.000278620884480549,647,0.18516944537576238,0.8996485181716267,0.5689596669982034
648,0.00027721353881155153,648,0.19738193298061543,0.8962986399952799,0.5844852201781359
649,0.00027580839195498366,649,0.17552828043711968,0.9071130123718975,0.5778524807704556
650,0.0002744054577790771,650,0.1655766568198179,0.9152384603427025,0.5921578981809485
651,0.0002730047501302263,651,0.19399919267277727,0.8950511092938002,0.5679866596256772
652,0.00027160628283285005,652,0.1776237494104587,0.9049678612877436,0.5766963373235897
653,0.0002702100696892558,653,0.18231719922678039,0.9023974671104861,0.5836865584253925
654,0.00026881612447950365,654,0.17250204643398023,0.9096690360131151,0.5656345370366401
655,0.0002674244609612705,655,0.17941119430286312,0.9025510072281258,0.5590731257299094
656,0.0002660350928697131,656,0.1932462867377654,0.8966639694771973,0.5730613005068423
657,0.0002646480339173336,657,0.19443638477420774,0.8941889542774711,0.5566006819316172
658,0.00026326329779384364,658,0.17461234146775326,0.9054093891280073,0.5584611258519072
659,0.0002618808981660301,659,0.1812681192011772,0.9024173407107833,0.5513600720530859
660,0.0002605008486776192,660,0.1940441035421565,0.8941157204485456,0.5824067379599611
661,0.0002591231629491422,661,0.18209254232978708,0.9038876383980884,0.5759629480794519
662,0.0002577478545778007,662,0.18370484187862374,0.9030498568059762,0.5922267502499087
663,0.00025637493713733363,663,0.1800681480323947,0.9016128901051422,0.5923655093424295
664,0.0002550044241778816,664,0.1890283113019791,0.8949858289899622,0.5592459520525653
665,0.00025363632922585384,665,0.18040835897347152,0.9049778223667865,0.5712219298483266
666,0.00025227066578379596,666,0.16624159736140975,0.9139242706767169,0.60964693399167
667,0.00025090744733025436,667,0.1696570409943517,0.9120649827086659,0.5310634010322429
668,0.00024954668731964495,668,0.18367468717661506,0.8979351585870183,0.5891707508086065
669,0.00024818839918211937,669,0.18026502260096453,0.9049950194669832,0.5929347712632485
670,0.0002468325963234336,670,0.18535408262252015,0.8999711667234122,0.5963875135442332
671,0.0002454792921248141,671,0.16950845854017516,0.911675067748425,0.5828872753819815
672,0.00024412849994282732,672,0.18281398645583666,0.902727401932443,0.5955673415840596
673,0.00024278023310924645,673,0.17412637023656852,0.9056157432398088,0.5833929129477529
674,0.00024143450493092116,674,0.18137409995203688,0.9022711453408128,0.5650616887819457
675,0.0002400913286896451,675,0.18005685881702888,0.9048573168314614,0.5981543379175347
676,0.00023875071764202532,676,0.1845444503289597,0.8970835364803003,0.5536284112975743
677,0.00023741268501935179,677,0.17457118311703018,0.9077304079685281,0.5497096898063791
678,0.00023607724402746654,678,0.182991880017612,0.9032540026604646,0.569937107249489
679,0.00023474440784663282,679,0.1620968988902917,0.9167976708858964,0.5679801186741604
680,0.00023341418963140543,680,0.18220737709018497,0.9026162319165462,0.5741881464127616
681,0.0002320866025105015,681,0.19015017413622443,0.8971031937008471,0.5880594777976916
682,0.00023076165958666977,682,0.18848400787122516,0.8990402883860916,0.5827080935545805
683,0.00022943937393656182,683,0.17610165456675012,0.9075259948673227,0.5536635803587737
684,0.00022811975861060341,684,0.19287007863980565,0.8944119315123413,0.5632541150917235
685,0.00022680282663286523,685,0.1748104911903884,0.9077498963914042,0.5548028331148396
686,0.00022548859100093394,686,0.185121987959576,0.9003923344423078,0.5873973790636052
687,0.00022417706468578463,687,0.18289382294381287,0.9012896428257418,0.5617776426285155
688,0.0002228682606316528,688,0.16485039878372026,0.9110549274333675,0.5870122300867332
689,0.00022156219175590571,689,0.1922970333160042,0.8974059158989979,0.6046037697608507
690,0.0002202588709489163,690,0.18773726864255535,0.8955172830900885,0.5631668512688043
691,0.00021895831107393438,691,0.19004451355489788,0.895745693788635,0.584855320371007
692,0.00021766052496696126,692,0.19315775650822503,0.8965047540826478,0.5875797784423803
693,0.00021636552543662156,693,0.20612593594907072,0.8872442857740847,0.55558833658779
694,0.000215073325264038,694,0.1678320966626039,0.9118916399085173,0.5985560076932873
695,0.0002137839372027042,695,0.17720213350518726,0.9029360844113453,0.5936072789429622
696,0.0002124973739783604,696,0.16677034385392564,0.9130693511286399,0.5747955939535406
697,0.00021121364828886597,697,0.17348338291377735,0.9117033537010045,0.5502252871312884
698,0.00020993277280407496,698,0.1804249510884295,0.9057123777272604,0.5785452322294429
699,0.0002086547601657117,699,0.17409481864591847,0.9058345931439624,0.5658855973615875
700,0.00020737962298724474,700,0.20819062635979696,0.8819601490711229,0.5518931848409522
701,0.00020610737385376313,701,0.19156522897915956,0.8955276744893591,0.5679905812065515
702,0.00020483802532185227,702,0.17683011818185204,0.9063796014856506,0.5953320027122541
703,0.00020357158991947004,703,0.17755744030168877,0.9083241038192761,0.5580931852585369
704,0.00020230808014582227,704,0.1765588582408165,0.9070960340582,0.5647766311439629
705,0.0002010475084712404,705,0.1704610865015906,0.9094505741647243,0.5661530341812302
706,0.0001997898873370577,706,0.17157748398349681,0.9073140254196725,0.5483643667520115
707,0.00019853522915548724,707,0.18243352768813922,0.8996482626334187,0.5715464068652515
708,0.00019728354630949897,708,0.1751513392228647,0.9067162841327233,0.5518667442414075
709,0.00019603485115269687,709,0.17178536150882398,0.9070087879085614,0.569555956170039
710,0.00019478915600919838,710,0.1749809161249111,0.9082700376976521,0.5676998555079382
711,0.00019354647317351147,711,0.15859159904152825,0.917826803485312,0.5792651252846227
712,0.00019230681491041408,712,0.17337721607685394,0.9044034476698548,0.5898970450436452
713,0.00019107019345483234,713,0.19331442351823105,0.8937700061341138,0.5653473711019213
714,0.0001898366210117216,714,0.1773129263218635,0.9050361772176707,0.5648609645668661
715,0.00018860610975594345,715,0.1789100583886966,0.9058669407457756,0.5517204980284067
716,0.00018737867183214702,716,0.18742504991430264,0.8995317468375682,0.5673019470087813
717,0.00018615431935464945,717,0.17932584843516441,0.9058468505705863,0.5566259063840444
718,0.00018493306440731517,718,0.1886808087648623,0.8971301213200312,0.5506208498221972
719,0.0001837149190434374,719,0.18517671508073136,0.8969442300717639,0.6007945591921596
720,0.00018249989528561922,720,0.17537919112955772,0.908654797840468,0.5528310684543374
721,0.00018128800512565475,721,0.16122180535228156,0.9174089549986112,0.5793950144504049
722,0.00018007926052441048,722,0.18496265658836086,0.8983516867441923,0.5631024727572679
723,0.00017887367341170757,723,0.19068170888658292,0.8984546551447063,0.5583754800255286
724,0.00017767125568620402,724,0.1748996268662155,0.9060281833385565,0.5750977924981212
725,0.0001764720192152774,725,0.19164615542240304,0.8936784074113175,0.5585563226850275
726,0.00017527597583490785,726,0.1704441907946254,0.9071207668523328,0.5648426742752423
727,0.00017408313734956017,727,0.18955279347567072,0.8936825087393871,0.5934683067282925
728,0.00017289351553206913,728,0.18077294612474093,0.9030818911238657,0.5818665132446601
729,0.00017170712212352147,729,0.19100742663235942,0.8959845488674552,0.5748280327242268
730,0.00017052396883314132,730,0.18206709650765907,0.8998073512833588,0.566091689924718
731,0.00016934406733817362,731,0.15966661526237225,0.9184544843891127,0.5694200514402297
732,0.00016816742928377036,732,0.1819600871019081,0.9006702954206679,0.5729515808950011
733,0.00016699406628287386,733,0.1855542543750507,0.8968963812984909,0.575336529368028
734,0.00016582398991610322,734,0.17081918780817298,0.9103863989242722,0.5850398277562705
735,0.00016465721173163962,735,0.18049943805076304,0.8992587166863519,0.582299777469668
736,0.00016349374324511307,736,0.19116893363129564,0.894922067377307,0.5811678561480893
737,0.0001623335959394874,737,0.17918873255017448,0.9030731664958924,0.581252215289685
738,0.00016117678126494842,738,0.15839340885751274,0.914899224167397,0.6108223232108915
739,0.00016002331063879005,739,0.1785779190869961,0.9068651186168748,0.5914681881695486
740,0.00015887319544530149,740,0.17912088650242936,0.9017116712826639,0.5519032933183557
741,0.00015772644703565547,741,0.17767440610777968,0.905940083280855,0.5593923076313606
742,0.0001565830767277956,742,0.17012012666936968,0.9093278321415702,0.6081514882339432
743,0.0001554430958063254,743,0.1693760514220272,0.9112329818513532,0.5852981789364194
744,0.00015430651552239652,744,0.17572283757565788,0.908149556555054,0.5776344014314091
745,0.0001531733470935973,745,0.17820809872541316,0.9053178804306354,0.6043640600674502
746,0.00015204360170384255,746,0.1816828778949753,0.9034528253714501,0.5836775203387192
747,0.00015091729050326343,747,0.1784019143400341,0.9019158409769775,0.5683047874172218
748,0.00014979442460809662,748,0.1623837412244697,0.9199393851076696,0.5793699467249576
749,0.00014867501510057497,749,0.19636184986218935,0.8917449848722422,0.563555441663493
750,0.00014755907302881896,750,0.17299689226051315,0.9065628117943412,0.5716790711752012
751,0.00014644660940672596,751,0.1898351728420691,0.8950726886612344,0.5687215454620426
752,0.00014533763521386284,752,0.18118356612382902,0.9027088654763925,0.5705695377148612
753,0.000144232161395357,753,0.17338250580321027,0.9070203804057093,0.5636089915465683
754,0.0001431301988617891,754,0.163620506044738,0.9115022104936382,0.584781526363826
755,0.00014203175848908408,755,0.18165672963228013,0.903034135433239,0.5751880565347539
756,0.00014093685111840533,756,0.19465920609796097,0.8944410692101621,0.5627396509609041
757,0.00013984548755604622,757,0.1805745628300566,0.902828278868021,0.5701902883880362
758,0.0001387576785733248,758,0.18291755043039976,0.9007407205409127,0.5937619462789951
759,0.00013767343490647647,759,0.18846388812303055,0.8987052414665057,0.5812614161340163
760,0.00013659276725654833,760,0.17366366994097385,0.9050861130001417,0.5861222224569682
761,0.00013551568628929387,761,0.17024426209034127,0.905776546113031,0.584561135312445
762,0.00013444220263506766,762,0.1758891436035859,0.9020545660580441,0.5702780527820214
763,0.0001333723268887198,763,0.17344247145221425,0.9084473656677043,0.5867584189463004
764,0.00013230606960949176,764,0.19143076430212477,0.895083646166913,0.5585220226267135
765,0.0001312434413209128,765,0.17458495280862374,0.906855897515598,0.5842287561208733
766,0.000130184452510695,766,0.17850922109662085,0.9006828457063721,0.5603269117454944
767,0.00012912911363063018,767,0.18513495878334169,0.8962808458912209,0.596320200413624
768,0.00012807743509648717,768,0.18868489359557167,0.8967432575159157,0.5870159945061209
769,0.00012702942728790866,769,0.17993305684717226,0.9016279552809996,0.5332927684662275
770,0.00012598510054830856,770,0.18037743939500328,0.8996232717642344,0.5842021754758979
771,0.00012494446518476992,771,0.18319441119617225,0.9021400378481975,0.5738534923414002
772,0.0001239075314679441,772,0.17594721472818714,0.9058488354555674,0.5914751834913723
773,0.0001228743096319478,773,0.16575749407110515,0.9110674198920469,0.5581017053797158
774,0.00012184480987426384,774,0.1862093841083591,0.8993587683184046,0.5769479272691429
775,0.0001208190423556388,775,0.18568249949606566,0.8981526295052678,0.5834315934192155
776,0.00011979701719998427,776,0.16959163461911808,0.9131050193774262,0.5810452837902677
777,0.0001187787444942759,777,0.18366993070130722,0.8987458647888064,0.5558383366341312
778,0.00011776423428845408,778,0.19063394236992082,0.8953475371926771,0.5727150450583053
779,0.00011675349659532477,779,0.17566279519299471,0.9046778103306995,0.5885703682675054
780,0.00011574654139046145,780,0.16679891248980247,0.9120543071503875,0.5798666828882679
781,0.00011474337861210518,781,0.19066660167278257,0.8922796365986884,0.5582465406700533
782,0.00011374401816106753,782,0.18063199913392988,0.9007469295957365,0.5729742015023432
783,0.00011274846990063289,783,0.17977743103953092,0.9011220246896444,0.5774375432177132
784,0.00011175674365646057,784,0.173283381740607,0.9072372920475141,0.596205075113656
785,0.00011076884921648807,785,0.19143980224247997,0.8940970493609038,0.6098808523689971
786,0.00010978479633083484,786,0.18604143552594246,0.8995214390565656,0.5866300326033411
787,0.00010880459471170569,787,0.16377463068278542,0.9150560209417559,0.564010006403007
788,0.00010782825403329479,788,0.18963732524660706,0.8933423917427099,0.5452384294206325
789,0.00010685578393169046,789,0.1690961354068401,0.9094385054077128,0.5688344622296145
790,0.00010588719400477978,790,0.16758719814160117,0.9100393471728812,0.5758080680467358
791,0.00010492249381215455,791,0.17108485650181293,0.9046354622311966,0.5792495746691066
792,0.00010396169287501625,792,0.18741881734361956,0.8964602830515909,0.5790888903940367
793,0.00010300480067608207,793,0.16643912622142767,0.9133018186954457,0.5659447128067782
794,0.00010205182665949184,794,0.17582607849821308,0.9065225074801241,0.5849332312167965
795,0.00010110278023071431,795,0.1770337656153032,0.9039015360241992,0.5535237276987919
796,0.00010015767075645463,796,0.1646966157017676,0.9149523480792863,0.5706210768029149
797,0.00009921650756456139,797,0.17876773548241578,0.9060132292959633,0.5927109123311827
798,0.00009827929994393597,798,0.18227996150544157,0.8983971751471067,0.5767418504360512
799,0.00009734605714443882,799,0.17934286267581528,0.899836012607483,0.558026841626497
800,0.00009641678837679972,800,0.17656791436442512,0.9008489739021811,0.5650710914334276
801,0.0000954915028125261,801,0.1852504245560181,0.9006424906715447,0.5884857435306226
802,0.00009457020958381311,802,0.18000223800820742,0.9005649644707117,0.5695242694880237
803,0.0000936529177834528,803,0.17466758626639992,0.9062132280291026,0.582406433772167
804,0.00009273963646474502,804,0.17003624296643685,0.9071627406860945,0.576215255025647
805,0.0000918303746414078,805,0.18321399043283748,0.9016912078011807,0.5845839063138057
806,0.00009092514128748813,806,0.16862434434779677,0.9088527966952301,0.56533355449154
807,0.0000900239453372737,807,0.174906269256818,0.9037509061215082,0.5837001293084967
808,0.00008912679568520471,808,0.18761700329923683,0.8944019274045281,0.5515566470924937
809,0.00008823370118578605,809,0.18768474654053086,0.8982297010907169,0.5656716415298064
810,0.00008734467065349999,810,0.19097538749365076,0.8908875278626087,0.5812780239152876
811,0.00008645971286271892,811,0.1757656196096015,0.9018455549603239,0.5883685449096576
812,0.00008557883654761883,812,0.17271602557043966,0.9071504436619436,0.5658659970909857
813,0.0000847020504020935,813,0.1706193660811112,0.909206303119944,0.570874390472046
814,0.00008382936307966815,814,0.17465602880140046,0.9033427887717439,0.5985441317076494
815,0.0000829607831934141,815,0.1782293913056503,0.9057976501150015,0.5679184122198636
816,0.00008209631931586465,816,0.18007441772839936,0.9011424554198261,0.5569183257957715
817,0.00008123597997892897,817,0.16682795893989447,0.9133187555415072,0.5540262357044378
818,0.00008037977367380902,818,0.197218510674681,0.889843320232674,0.5530208208753974
819,0.00007952770885091529,819,0.17952273173607242,0.903034624979008,0.5714147152712125
820,0.00007867979391978378,820,0.18787921053278892,0.8963530962867031,0.5811552222233479
821,0.00007783603724899227,821,0.180215601465649,0.9008217124929208,0.5683024273340481
822,0.00007699644716607876,822,0.19960474128541825,0.8871395255814164,0.5683114315499445
823,0.00007616103195745818,823,0.16319632381264312,0.9163883452505313,0.5991872839263949
824,0.00007532979986834157,824,0.1661296981617825,0.9092171999690417,0.5828690723291446
825,0.00007450275910265394,825,0.1669509782548049,0.9081089376884914,0.5533203779465474
826,0.00007367991782295372,826,0.17047986749117205,0.9089910713239382,0.557231146885988
827,0.00007286128415035218,827,0.18600971708378328,0.9027628618022936,0.5778879423967193
828,0.00007204686616443333,828,0.18282367267989474,0.9007450201818528,0.5732042655100376
829,0.00007123667190317379,829,0.18248222459453678,0.9005645845621196,0.5563229446993124
830,0.0000704307093628636,830,0.1803967642457866,0.9024458132352007,0.5722775144750623
831,0.00006962898649802806,831,0.18595919600075006,0.8968789906501363,0.5605646402544403
832,0.00006883151122134795,832,0.1783652388998839,0.9029330263114238,0.5383060962406044
833,0.00006803829140358208,833,0.17266265291189262,0.9022619700978627,0.5654361908079634
834,0.00006724933487349033,834,0.18043020728807835,0.9007499353651277,0.5994166741023685
835,0.00006646464941775482,835,0.17081048253277947,0.9101446135959435,0.5657799676877544
836,0.0000656842427809043,836,0.18177153686929698,0.9016885928357996,0.5860318400943789
837,0.000064908122665237,837,0.16125069228877156,0.9104842304441465,0.5795807791111
838,0.00006413629673074545,838,0.17211853840477845,0.9123847398766879,0.5928770985176895
839,0.00006336877259503976,839,0.18647765786469525,0.8943634150938687,0.5701095683171807
840,0.0000626055578332735,840,0.1665765034636567,0.9099273459829428,0.5579818920580617
841,0.00006184665997806806,841,0.18063977653298377,0.9024294705959687,0.5632904344111898
842,0.00006109208651943906,842,0.1807197986737431,0.9008580233762307,0.6008859883998701
843,0.000060341844904721806,843,0.16904458213682974,0.9063772677196262,0.5642902828520128
844,0.000059595942538498064,844,0.17751490596612912,0.9061126545715722,0.5746360712543038
845,0.00005885438678252317,845,0.17780173984200195,0.9043097829481292,0.5672744577713233
846,0.00005811718495565313,846,0.19368137900116233,0.8926374655772439,0.5765096710113636
847,0.00005738434433377229,847,0.1749330584514689,0.9009926515849658,0.5384201886584855
848,0.00005665587214972159,848,0.1887009089058145,0.896188237407098,0.5988541277003174
849,0.00005593177559322762,849,0.18838652413969997,0.8960411075029707,0.5725713309840964
850,0.00005521206181083096,850,0.17950076838480927,0.8996656735765222,0.5837194445712808
851,0.00005449673790581596,851,0.16685196048487128,0.9073418650341335,0.5888922291157292
852,0.00005378581093814085,852,0.17397600047700681,0.903187377439231,0.5688093931522651
853,0.000053079287924367966,853,0.16618657121764333,0.9116712801758718,0.5567171983939402
854,0.00005237717583759407,854,0.17713595615684483,0.9038246545068788,0.5558839521356885
855,0.000051679481607381916,855,0.16317379205621146,0.9150135914843776,0.5851899372016415
856,0.00005098621211969209,856,0.18060919081466523,0.8990815346661162,0.5577764189340885
857,0.00005029737421681432,857,0.17352950185935467,0.9067576577265211,0.5721306100585816
858,0.00004961297469730083,858,0.1811028465206833,0.9021776246012237,0.5762678995603089
859,0.00004893302031589844,859,0.16379209941600695,0.9100088475803269,0.5534706161638105
860,0.00004825751778348245,860,0.1893521867296883,0.893230385056277,0.5692687824619562
861,0.000047586473766990186,861,0.19185621340333733,0.8909962581829989,0.5542705830274325
862,0.000046919894889355024,862,0.173723104509493,0.9080083033467145,0.5587578012015293
863,0.00004625778772944136,863,0.17421583736763047,0.9048090376403897,0.5702503829533262
864,0.000045600158821979796,864,0.174860344622759,0.9055732167644243,0.5968041426041218
865,0.000044947014657502034,865,0.17395090785009984,0.9060752206145879,0.5735101594686104
866,0.000044298361682277215,866,0.17731187662429093,0.9029759065789207,0.585644127868136
867,0.00004365420629824849,867,0.1880806138818552,0.8971228744359829,0.569501882280477
868,0.000043014554862969324,868,0.17306640134683318,0.9064713122198492,0.5657119206534089
869,0.00004237941368954111,869,0.16570687862954,0.9123420586863669,0.5514951886237801
870,0.00004174878904655087,870,0.18680208785466862,0.8964665275897016,0.5723737408775038
871,0.0000411226871580093,871,0.19891829950464526,0.8906267847670487,0.563983448416854
872,0.000040501114203289265,872,0.1816738286201012,0.900776932389751,0.5815716359220976
873,0.000039884076317064796,873,0.16910888019668746,0.9077596350087769,0.5890048391160804
874,0.000039271579589250695,874,0.1822781604824189,0.8972077794367318,0.5841305520249486
875,0.00003866363006494244,875,0.1679599247338921,0.9085129537427097,0.5978072850800814
876,0.00003806023374435652,876,0.17594692482915475,0.9046135114926249,0.5833793014135187
877,0.00003746139658277081,877,0.15991283535555714,0.9184113700164839,0.5790566581960052
878,0.00003686712449046659,878,0.16849292025652288,0.9107319027457317,0.5606582807067179
879,0.000036277423332669265,879,0.17343095348031026,0.9039476334972448,0.5535730487998595
880,0.00003569229892949134,880,0.169088281441303,0.9101553802529263,0.5400629244312375
881,0.00003511175705587417,881,0.17178553754230505,0.9098099687172838,0.5845761879377821
882,0.00003453580344153202,882,0.16110490355392118,0.9147065132655637,0.5740799063820426
883,0.00003396444377089443,883,0.1774903648159334,0.8981047911070347,0.5696015377927636
884,0.000033397683683050696,884,0.17128558171401193,0.911512683722377,0.5556018760559458
885,0.00003283552877169389,885,0.18672229057904124,0.9001351848832887,0.597354188591245
886,0.000032277984585066264,886,0.16711616998174547,0.9135903979416993,0.5794414040376584
887,0.00003172505662590376,887,0.18335159335592557,0.8965076169431825,0.6010691905024032
888,0.00003117675035138202,888,0.18690630232043273,0.8927487740137355,0.5658105239778681
889,0.00003063307117306287,889,0.17572111546491745,0.9070864292430658,0.5563597209947784
890,0.00003009402445684008,890,0.17200640066549777,0.9066493544739951,0.5659586904201148
891,0.000029559615522887237,891,0.17211609969069783,0.9056052463663865,0.5999204149988919
892,0.00002902984964560464,892,0.17263799331480711,0.9073245436773854,0.597959635852862
893,0.000028504732053567647,893,0.17936555991235603,0.9000821396785986,0.5723600267292449
894,0.00002798426792947508,894,0.178138208461317,0.9022334285582898,0.5799235976810163
895,0.00002746846241009756,895,0.18171950692700164,0.9009000668756207,0.5793744151785936
896,0.000026957320586227266,896,0.1793057125029354,0.9031064826678473,0.5850715026614184
897,0.0000264508475026278,897,0.1785321518219801,0.89969068057743,0.5953502267745374
898,0.00002594904815798396,898,0.16614019206907452,0.9102225900865168,0.6134290753562558
899,0.00002545192750485256,899,0.16947750634616146,0.910913113452496,0.5984736533880108
900,0.000024959490449614016,900,0.16797506643033758,0.9079042771149397,0.5603399227261615
901,0.000024471741852423154,901,0.16970894760460548,0.9071544428657963,0.6087593067368896
902,0.000023988686527161662,902,0.18247969574705897,0.9015931720979196,0.5733415804718527
903,0.00002351032924139055,903,0.17780932813745617,0.8999156306310122,0.5691511082694939
904,0.000023036674716303198,904,0.18964710113562194,0.8949630933096976,0.5821436683257802
905,0.00002256772762667845,905,0.17666596479053914,0.8996972119414864,0.576653513414257
906,0.000022103492600834867,906,0.1657479613751328,0.9094850138006374,0.5996258218533189
907,0.000021643974220584656,907,0.1836327220134514,0.9000590691837633,0.6219127072551308
908,0.000021189177021188818,908,0.17470362171669204,0.9057871030250854,0.5892761560427925
909,0.000020739105491312015,909,0.1796187970300385,0.9031799001577454,0.5685852652126262
910,0.00002029376407297855,910,0.17238169993288285,0.9090227483696864,0.5828966210436811
911,0.000019853157161528404,911,0.18409947903882573,0.8959213866979349,0.5854268140092348
912,0.000019417289105573995,912,0.1764982754903759,0.9019967969903678,0.586802761442231
913,0.00001898616420695703,913,0.1809442027522857,0.9044082553462509,0.5741007455770332
914,0.000018559786720706125,914,0.1858504913038,0.8965537896433982,0.5728309904833461
915,0.000018138160854995087,915,0.17310131227271883,0.9094282798952474,0.5719616478422056
916,0.00001772129077110096,916,0.1757003856708031,0.9047523112804834,0.5876662927715769
917,0.000017309180583363,917,0.1603878627933091,0.9157954134775637,0.555140529546039
918,0.00001690183435914255,918,0.1741788121933188,0.9029619577118214,0.5453649749683976
919,0.000016499256118782445,919,0.17009686291273704,0.9054396936112693,0.5683773605603767
920,0.000016101449835567274,920,0.1605395500028171,0.9145006092158371,0.5540777966372117
921,0.00001570841943568441,921,0.17728777285762146,0.9038068542558525,0.5817990066144708
922,0.00001532016879818532,922,0.19430377676197508,0.892320569611051,0.5715191644870208
923,0.00001493670175494705,923,0.18309250194006071,0.8991424512737131,0.5975631343325308
924,0.000014558022090634454,924,0.172583884362159,0.9045840432245679,0.5762924798249822
925,0.000014184133542662964,925,0.17276236705116116,0.9030005588445307,0.5829076029268438
926,0.000013815039801161674,926,0.15847033423232101,0.9154977587220898,0.5809008564787304
927,0.000013450744508936696,927,0.1763014702195187,0.9039730184228029,0.5663822183910898
928,0.000013091251261435578,928,0.17466496523939437,0.9040936064705924,0.5914227056638129
929,0.00001273656360671134,929,0.1749714205438386,0.9056074903021283,0.5927240327464335
930,0.000012386685045388272,930,0.17537870286868676,0.9042780901446795,0.5736500084214076
931,0.0000120416190306263,931,0.17568671403574876,0.9051011273415561,0.5483255138092477
932,0.000011701368968087673,932,0.17709701208342005,0.9056059166785243,0.5514744560778497
933,0.000011365938215903223,933,0.19478652844578218,0.888115021924105,0.5579631009215648
934,0.000011035330084639103,934,0.17794128548066787,0.9020482670428432,0.5654100744905314
935,0.000010709547837263932,935,0.1855506960926067,0.8981534838198761,0.5833845017474285
936,0.000010388594689117037,936,0.18062041685993901,0.9030449696418137,0.5947709164312032
937,0.000010072473807876537,937,0.17427945994796712,0.9042335930134047,0.5702598568830789
938,9.761188313527815e-6,938,0.16791855697514518,0.908731083524777,0.6007670709234606
939,9.454741278332982e-6,939,0.18138115720003806,0.8982744988054354,0.574082397795685
940,9.15313572680057e-6,940,0.18187050641406294,0.8999669472044494,0.5650362596736513
941,8.856374635655612e-6,941,0.16519336410648774,0.9124513828233031,0.5684773010556711
942,8.564460933810388e-6,942,0.18077545434932735,0.9006750953889623,0.5461507843176995
943,8.277397502335114e-6,943,0.16957200928888558,0.9064723566838955,0.5987593273147945
944,7.995187174430129e-6,944,0.1891981582251407,0.8955789610760039,0.5684527059179131
945,7.717832735397312e-6,945,0.18069186465574436,0.8996310870963926,0.5753474041156098
946,7.445336922613044e-6,946,0.17944068552798978,0.9037088760869035,0.5819403920218479
947,7.1777024255009545e-6,947,0.17065122145103345,0.9083955263418659,0.5685754132507336
948,6.91493188550555e-6,948,0.17146459343911527,0.9080545022284571,0.5523279201869314
949,6.657027896065961e-6,949,0.17568522638545458,0.9023976101819609,0.5810941636556765
950,6.4039930025904055e-6,950,0.1730003430453527,0.9066496514473154,0.5940932772663509
951,6.1558297024311524e-6,951,0.1694053617103019,0.9100622076138134,0.566197598682866
952,5.912540444859765e-6,952,0.17383749682444502,0.9020852858030904,0.5912239196672343
953,5.6741276310430085e-6,953,0.17021217785883014,0.9111941217654541,0.5443623474088107
954,5.440593614019091e-6,954,0.18406894867519968,0.8958568928806625,0.5790710342559212
955,5.211940698674518e-6,955,0.16086467922900133,0.9148076828162945,0.5773283083021814
956,4.9881711417212166e-6,956,0.1759303535643129,0.9044745548107463,0.5925257507452527
957,4.7692871516743914e-6,957,0.20016407045610463,0.8861381693054662,0.6078262570125336
958,4.5552908888306516e-6,958,0.17918709002359615,0.9039606376177658,0.6069743937769967
959,4.346184465246692e-6,959,0.17696594153130304,0.9005926707057414,0.5905006030168828
960,4.141969944718592e-6,960,0.18275383189914501,0.9007246014691546,0.5808579007457805
961,3.9426493427611055e-6,961,0.16811964223346745,0.9119122168161811,0.5618686070167701
962,3.748224626588125e-6,962,0.1670937717776539,0.906886492743904,0.5623091478434916
963,3.5586977150931954e-6,963,0.16658997291508723,0.9104861618277463,0.5560383701248268
964,3.374070478830305e-6,964,0.17398878378906826,0.9079255218466831,0.5692706068199368
965,3.1943447399957925e-6,965,0.1929904234866442,0.8910342040945374,0.5667617267544324
966,3.0195222724101375e-6,966,0.16718135869737294,0.9082827514146272,0.584739024788722
967,2.8496048015005297e-6,967,0.17192190402860033,0.9061470444788459,0.575863680919331
968,2.6845940042838276e-6,968,0.18715881282667418,0.8948222137003646,0.5724698473254072
969,2.5244915093499056e-6,969,0.17837908811590436,0.8996669385508205,0.5825794934333882
970,2.3692988968458324e-6,970,0.1822655568453741,0.9019552969934589,0.5675184951242995
971,2.2190176984599955e-6,971,0.20343583340201804,0.8815130528916645,0.5716286216104745
972,2.0736493974071678e-6,972,0.17354787059407945,0.9065862871433973,0.5749487293992903
973,1.9331954284137425e-6,973,0.1777380815501929,0.9055509640601541,0.5918648615434307
974,1.7976571777037994e-6,974,0.18001330186109407,0.9063726923920856,0.5489902874675437
975,1.6670359829850612e-6,975,0.18999644141450178,0.8977593453402652,0.571409559075126
976,1.5413331334360138e-6,976,0.16785597981829017,0.9087412703503773,0.5594883129121274
977,1.420549869693029e-6,977,0.1841479080305887,0.8962480399338056,0.5458969351807453
978,1.3046873838381508e-6,978,0.17709170470270053,0.9027514102137987,0.574252493396742
979,1.1937468193873833e-6,979,0.17118200131763694,0.9051636629107054,0.5705994951625544
980,1.0877292712792555e-6,980,0.1852908756134506,0.8992543582752015,0.5707320700913655
981,9.866357858642177e-7,981,0.15692091125807767,0.9139620386514429,0.5746678568087082
982,8.904673608940958e-7,982,0.17698637298068912,0.903641009438484,0.5848528698672913
983,7.992249455124867e-7,983,0.17317878850937013,0.90578381456025,0.5841998424530078
984,7.129094402450999e-7,984,0.17565933194436098,0.9062359113137897,0.578120087976864
985,6.315216969912644e-7,985,0.1781136429486311,0.9034641338071613,0.6000636024676006
986,5.550625190150466e-7,986,0.17263587838089145,0.9033283824271807,0.5790836353453892
987,4.835326609376453e-7,987,0.18037578954292854,0.9000278773744024,0.5817294850462277
988,4.1693282872995325e-7,988,0.16818251297397477,0.9108125453938892,0.5717384883961458
989,3.5526367970539657e-7,989,0.1796903181898288,0.8988829911705457,0.571122688095825
990,2.985258225135503e-7,990,0.17047720872674393,0.9078344167351102,0.5660795064355374
991,2.4671981713419924e-7,991,0.18048830940524718,0.9021565171517479,0.5698819571177445
992,1.9984617487173113e-7,992,0.17366967697040495,0.9051083723554953,0.5478588212011014
993,1.5790535835002957e-7,993,0.17552501183438,0.9039533465340961,0.5739311374577654
994,1.2089778150797776e-7,994,0.18291562882007714,0.9008797713787174,0.5790621507906257
995,8.88238095955171e-8,995,0.16595249473832638,0.9105608211676375,0.6193181412496332
996,6.168375916970595e-8,996,0.17935875111368066,0.9006028129414368,0.6005361252882366
997,3.9477898091944e-8,997,0.18308920880833776,0.9026174759781466,0.5763265461419076
998,2.220644552508581e-8,998,0.16661651072556308,0.907725790327737,0.603769804694019
999,9.8695719314423e-9,999,0.1821255985299018,0.9008598359997737,0.5741895101527792
1000,2.4673990708934305e-9,1000,0.17848298178463398,0.9010153232912383,0.5632814885854928
